{
    "sucess":true,
    "data":{
           "artitleList":[
               {
                   "id":7,
                   "title":"前端面试题套路--终极版（Vue、JavaScript）",
                   "desc":"前言 面试题是永远都准备不完的！！！！！ 前端常见的一些问题 1.前端性能优化手段？ 1. 尽可能使用雪碧图2. 使用字体图标代替图片3. 对H...",
                   "imgUrl":"https://upload-images.jianshu.io/upload_images/18533466-31b29a3781c10e8a.png?imageMogr2/auto-orient/strip|imageView2/1/w/360/h/240"
                  },
                  {
                   "id":8,
                   "title":"前端面试题套路--终极版（Vue、JavaScript）",
                   "desc":"前言 面试题是永远都准备不完的！！！！！ 前端常见的一些问题 1.前端性能优化手段？ 1. 尽可能使用雪碧图2. 使用字体图标代替图片3. 对H...",
                   "imgUrl":"https://upload-images.jianshu.io/upload_images/18533466-31b29a3781c10e8a.png?imageMogr2/auto-orient/strip|imageView2/1/w/360/h/240"
                  },
                  {
                   "id":9,
                   "title":"前端面试题套路--终极版（Vue、JavaScript）",
                   "desc":"前言 面试题是永远都准备不完的！！！！！ 前端常见的一些问题 1.前端性能优化手段？ 1. 尽可能使用雪碧图2. 使用字体图标代替图片3. 对H...",
                   "imgUrl":"https://upload-images.jianshu.io/upload_images/18533466-31b29a3781c10e8a.png?imageMogr2/auto-orient/strip|imageView2/1/w/360/h/240"
                  },
                  {
                   "id":10,
                   "title":"前端面试题套路--终极版（Vue、JavaScript）",
                   "desc":"前言 面试题是永远都准备不完的！！！！！ 前端常见的一些问题 1.前端性能优化手段？ 1. 尽可能使用雪碧图2. 使用字体图标代替图片3. 对H...",
                   "imgUrl":"https://upload-images.jianshu.io/upload_images/18533466-31b29a3781c10e8a.png?imageMogr2/auto-orient/strip|imageView2/1/w/360/h/240"
                  },
                  {
                   "id":11,
                   "title":"前端面试题套路--终极版（Vue、JavaScript）",
                   "desc":"前言 面试题是永远都准备不完的！！！！！ 前端常见的一些问题 1.前端性能优化手段？ 1. 尽可能使用雪碧图2. 使用字体图标代替图片3. 对H...",
                   "imgUrl":"https://upload-images.jianshu.io/upload_images/18533466-31b29a3781c10e8a.png?imageMogr2/auto-orient/strip|imageView2/1/w/360/h/240"
                  },
                  {
                   "id":12,
                   "title":"前端面试题套路--终极版（Vue、JavaScript）",
                   "desc":"前言 面试题是永远都准备不完的！！！！！ 前端常见的一些问题 1.前端性能优化手段？ 1. 尽可能使用雪碧图2. 使用字体图标代替图片3. 对H...",
                   "imgUrl":"https://upload-images.jianshu.io/upload_images/18533466-31b29a3781c10e8a.png?imageMogr2/auto-orient/strip|imageView2/1/w/360/h/240"
                  }
           ]
    }
}