{
    "sucess":true,
    "data":{
        "toppicList":[
            {
                "id":1,
                "title":"社会热点",
                "imgUrl":"//upload.jianshu.io/users/upload_avatars/301940/189d69dd-af7c-4290-9e2c-89e98acf3603.jpg?imageMogr2/auto-orient/strip|imageView2/1/w/96/h/96/format/webp"
               },
             {
                   "id":2,
                   "title":"社会热点",
                   "imgUrl":"//upload.jianshu.io/users/upload_avatars/301940/189d69dd-af7c-4290-9e2c-89e98acf3603.jpg?imageMogr2/auto-orient/strip|imageView2/1/w/96/h/96/format/webp"
             }
           ],
           "artitleList":[
               {
                   "id":1,
                   "title":"前端面试题套路--终极版（Vue、JavaScript）",
                   "desc":"前言 面试题是永远都准备不完的！！！！！ 前端常见的一些问题 1.前端性能优化手段？ 1. 尽可能使用雪碧图2. 使用字体图标代替图片3. 对H...",
                   "imgUrl":"https://upload-images.jianshu.io/upload_images/18533466-31b29a3781c10e8a.png?imageMogr2/auto-orient/strip|imageView2/1/w/360/h/240"
                  },
                  {
                   "id":2,
                   "title":"前端面试题套路--终极版（Vue、JavaScript）",
                   "desc":"前言 面试题是永远都准备不完的！！！！！ 前端常见的一些问题 1.前端性能优化手段？ 1. 尽可能使用雪碧图2. 使用字体图标代替图片3. 对H...",
                   "imgUrl":"https://upload-images.jianshu.io/upload_images/18533466-31b29a3781c10e8a.png?imageMogr2/auto-orient/strip|imageView2/1/w/360/h/240"
                  },
                  {
                   "id":3,
                   "title":"前端面试题套路--终极版（Vue、JavaScript）",
                   "desc":"前言 面试题是永远都准备不完的！！！！！ 前端常见的一些问题 1.前端性能优化手段？ 1. 尽可能使用雪碧图2. 使用字体图标代替图片3. 对H...",
                   "imgUrl":"https://upload-images.jianshu.io/upload_images/18533466-31b29a3781c10e8a.png?imageMogr2/auto-orient/strip|imageView2/1/w/360/h/240"
                  },
                  {
                   "id":4,
                   "title":"前端面试题套路--终极版（Vue、JavaScript）",
                   "desc":"前言 面试题是永远都准备不完的！！！！！ 前端常见的一些问题 1.前端性能优化手段？ 1. 尽可能使用雪碧图2. 使用字体图标代替图片3. 对H...",
                   "imgUrl":"https://upload-images.jianshu.io/upload_images/18533466-31b29a3781c10e8a.png?imageMogr2/auto-orient/strip|imageView2/1/w/360/h/240"
                  },
                  {
                   "id":5,
                   "title":"前端面试题套路--终极版（Vue、JavaScript）",
                   "desc":"前言 面试题是永远都准备不完的！！！！！ 前端常见的一些问题 1.前端性能优化手段？ 1. 尽可能使用雪碧图2. 使用字体图标代替图片3. 对H...",
                   "imgUrl":"https://upload-images.jianshu.io/upload_images/18533466-31b29a3781c10e8a.png?imageMogr2/auto-orient/strip|imageView2/1/w/360/h/240"
                  },
                  {
                   "id":6,
                   "title":"前端面试题套路--终极版（Vue、JavaScript）",
                   "desc":"前言 面试题是永远都准备不完的！！！！！ 前端常见的一些问题 1.前端性能优化手段？ 1. 尽可能使用雪碧图2. 使用字体图标代替图片3. 对H...",
                   "imgUrl":"https://upload-images.jianshu.io/upload_images/18533466-31b29a3781c10e8a.png?imageMogr2/auto-orient/strip|imageView2/1/w/360/h/240"
                  }
           ],
           "RcommenedList":[
               {
                   "id":1,
                   "imgUrl":"//cdn2.jianshu.io/assets/web/banner-s-club-aa8bdf19f8cf729a759da42e4a96f366.png"
               },
               {
                   "id":2,
                   "imgUrl":"//cdn2.jianshu.io/assets/web/banner-s-club-aa8bdf19f8cf729a759da42e4a96f366.png"
               }
           ]
    }
}